fecha,fuente,variable,valor,variacion_abs,variacion_pct
2026-09-17,OMIE,precio_medio_es,127.41,,
2026-09-17,OMIE,precio_maximo_es,244.11,,
2026-09-17,OMIE,precio_minimo_es,0.51,,
2026-09-17,OMIE,volumen_gwh_es,485.4,,
2026-09-17,MIBGAS,pvb_d1,81.83,,
2026-09-17,OMIP,spel_base_spot,127.41,,
2026-09-17,OMIP,q4_26,145.0,,
2026-09-17,OMIP,yr_27,88.4,,
2026-09-17,OMIP,yr_28,61.0,,
2026-09-17,OMIP,mes_Oct-26,136.25,,
2026-09-17,OMIP,mes_Nov-26,151.81,,
2026-09-17,OMIP,mes_Dec-26,147.17,,
2026-09-17,OMIP,mes_Jan-27,160.0,,
2026-09-17,OMIP,mes_Feb-27,132.22,,
2026-09-17,OMIP,mes_Mar-27,86.33,,
2026-09-17,Investing,Brent,,,
2026-09-17,Investing,TTF,,,
2026-09-17,Investing,CO2,,,
2026-09-17,OMIE,precio_medio_es,127.41,,
2026-09-17,OMIE,precio_maximo_es,244.11,,
2026-09-17,OMIE,precio_minimo_es,0.51,,
2026-09-17,OMIE,volumen_gwh_es,485.4,,
2026-09-17,MIBGAS,pvb_d1,81.83,,
2026-09-17,OMIP,spel_base_spot,127.41,,
2026-09-17,OMIP,q4_26,145.0,,
2026-09-17,OMIP,yr_27,88.4,,
2026-09-17,OMIP,yr_28,61.0,,
2026-09-17,OMIP,mes_Oct-26,136.25,,
2026-09-17,OMIP,mes_Nov-26,151.81,,
2026-09-17,OMIP,mes_Dec-26,147.17,,
2026-09-17,OMIP,mes_Jan-27,160.0,,
2026-09-17,OMIP,mes_Feb-27,132.22,,
2026-09-17,OMIP,mes_Mar-27,86.33,,
2026-09-17,Yahoo,Brent,99.81,,
2026-09-17,Yahoo,TTF,77.58,,
2026-09-17,Yahoo,CO2,1366.3165,,
2026-09-17,OMIE,precio_medio_es,127.41,,
2026-09-17,OMIE,precio_maximo_es,244.11,,
2026-09-17,OMIE,precio_minimo_es,0.51,,
2026-09-17,OMIE,volumen_gwh_es,485.4,,
2026-09-17,MIBGAS,pvb_d1,81.83,,
2026-09-17,OMIP,spel_base_spot,127.41,,
2026-09-17,OMIP,q4_26,145.0,,
2026-09-17,OMIP,yr_27,88.4,,
2026-09-17,OMIP,yr_28,61.0,,
2026-09-17,OMIP,mes_Oct-26,136.25,,
2026-09-17,OMIP,mes_Nov-26,151.81,,
2026-09-17,OMIP,mes_Dec-26,147.17,,
2026-09-17,OMIP,mes_Jan-27,160.0,,
2026-09-17,OMIP,mes_Feb-27,132.22,,
2026-09-17,OMIP,mes_Mar-27,86.33,,
2026-09-17,Yahoo,Brent,99.47,,
2026-09-17,Yahoo,TTF,77.58,,
2026-09-17,Yahoo,CO2,,,
2026-09-17,OMIE,precio_medio_es,127.41,,
2026-09-17,OMIE,precio_maximo_es,244.11,,
2026-09-17,OMIE,precio_minimo_es,0.51,,
2026-09-17,OMIE,volumen_gwh_es,485.4,,
2026-09-17,MIBGAS,pvb_d1,81.83,,
2026-09-17,OMIP,spel_base_spot,127.41,,
2026-09-17,OMIP,q4_26,145.0,,
2026-09-17,OMIP,yr_27,88.4,,
2026-09-17,OMIP,yr_28,61.0,,
2026-09-17,OMIP,mes_Oct-26,136.25,,
2026-09-17,OMIP,mes_Nov-26,151.81,,
2026-09-17,OMIP,mes_Dec-26,147.17,,
2026-09-17,OMIP,mes_Jan-27,160.0,,
2026-09-17,OMIP,mes_Feb-27,132.22,,
2026-09-17,OMIP,mes_Mar-27,86.33,,
2026-09-17,Yahoo,Brent,99.73,,
2026-09-17,Yahoo,TTF,77.58,,
2026-09-17,Yahoo,CO2,,,
2026-09-17,OMIE,precio_medio_es,127.41,,
2026-09-17,OMIE,precio_maximo_es,244.11,,
2026-09-17,OMIE,precio_minimo_es,0.51,,
2026-09-17,OMIE,volumen_gwh_es,485.4,,
2026-09-17,MIBGAS,pvb_d1,81.83,,
2026-09-17,OMIP,spel_base_spot,127.41,,
2026-09-17,OMIP,q4_26,145.0,,
2026-09-17,OMIP,yr_27,88.4,,
2026-09-17,OMIP,yr_28,61.0,,
2026-09-17,OMIP,mes_Oct-26,136.25,,
2026-09-17,OMIP,mes_Nov-26,151.81,,
2026-09-17,OMIP,mes_Dec-26,147.17,,
2026-09-17,OMIP,mes_Jan-27,160.0,,
2026-09-17,OMIP,mes_Feb-27,132.22,,
2026-09-17,OMIP,mes_Mar-27,86.33,,
2026-09-17,Yahoo,Brent,99.5,,
2026-09-17,Yahoo,TTF,77.58,,
2026-09-17,Yahoo,CO2,,,
2026-09-18,OMIE,precio_medio_es,124.78,,
2026-09-18,OMIE,precio_maximo_es,228.78,,
2026-09-18,OMIE,precio_minimo_es,0.0,,
2026-09-18,OMIE,volumen_gwh_es,464.0,,
2026-09-18,MIBGAS,pvb_d1,78.74,,
2026-09-18,OMIP,spel_base_spot,124.78,,
2026-09-18,OMIP,q4_26,142.85,,
2026-09-18,OMIP,yr_27,86.8,,
2026-09-18,OMIP,yr_28,61.0,,
2026-09-18,OMIP,mes_Oct-26,135.1,,
2026-09-18,OMIP,mes_Nov-26,149.6,,
2026-09-18,OMIP,mes_Dec-26,144.08,,
2026-09-18,OMIP,mes_Jan-27,154.0,,
2026-09-18,OMIP,mes_Feb-27,134.44,,
2026-09-18,OMIP,mes_Mar-27,87.42,,
2026-09-18,Yahoo,Brent,103.69,,
2026-09-18,Yahoo,TTF,77.015,,
2026-09-18,Yahoo,CO2,,,
2026-09-18,OMIE,precio_medio_es,124.78,-2.6299999999999955,-2.0642021819323406
2026-09-18,OMIE,precio_maximo_es,228.78,-15.330000000000013,-6.279955757650245
2026-09-18,OMIE,precio_minimo_es,0.0,-0.51,-100.0
2026-09-18,OMIE,volumen_gwh_es,464.0,-21.399999999999977,-4.4087350638648495
2026-09-18,MIBGAS,pvb_d1,78.74,-3.0900000000000034,-3.7761212269338915
2026-09-18,OMIP,spel_base_spot,124.78,-2.6299999999999955,-2.0642021819323406
2026-09-18,OMIP,q4_26,142.85,-2.1500000000000057,-1.482758620689659
2026-09-18,OMIP,yr_27,86.8,-1.6000000000000085,-1.8099547511312313
2026-09-18,OMIP,yr_28,61.0,0.0,0.0
2026-09-18,OMIP,mes_Oct-26,135.1,-1.1500000000000057,-0.8440366972477106
2026-09-18,OMIP,mes_Nov-26,149.6,-2.210000000000008,-1.4557670772676425
2026-09-18,OMIP,mes_Dec-26,144.08,-3.089999999999975,-2.099612692804223
2026-09-18,OMIP,mes_Jan-27,154.0,-6.0,-3.75
2026-09-18,OMIP,mes_Feb-27,134.44,2.219999999999999,1.6790198154590825
2026-09-18,OMIP,mes_Mar-27,87.42,1.0900000000000034,1.2625970114676281
2026-09-18,Yahoo,Brent,98.22,-1.2800000000000011,-1.2864321608040212
2026-09-18,Yahoo,TTF,77.015,-0.5649999999999977,-0.7282804846609923
2026-09-18,Yahoo,CO2,,,
2026-09-20,OMIE,precio_medio_es,,,
2026-09-20,OMIE,precio_maximo_es,,,
2026-09-20,OMIE,precio_minimo_es,,,
2026-09-20,OMIE,volumen_gwh_es,402.8,-61.19999999999999,-13.189655172413792
2026-09-20,MIBGAS,pvb_d1,81.66,2.9200000000000017,3.7084074168148358
2026-09-20,OMIP,spel_base_spot,110.26,-14.519999999999996,-11.63648020516108
2026-09-20,OMIP,q4_26,146.8,3.950000000000017,2.7651382569128575
2026-09-20,OMIP,yr_27,89.5,2.700000000000003,3.1105990783410173
2026-09-20,OMIP,yr_28,61.2,0.20000000000000284,0.32786885245902103
2026-09-20,OMIP,mes_Oct-26,139.0,3.9000000000000057,2.8867505551443418
2026-09-20,OMIP,mes_Nov-26,154.34,4.740000000000009,3.168449197860969
2026-09-20,OMIP,mes_Dec-26,147.31,3.2299999999999898,2.241810105496939
2026-09-20,OMIP,mes_Jan-27,155.37,1.3700000000000045,0.8896103896103926
2026-09-20,OMIP,mes_Feb-27,135.63,1.1899999999999977,0.8851532282058894
2026-09-20,OMIP,mes_Mar-27,89.91,2.489999999999995,2.848318462594366
2026-09-20,Yahoo,Brent,99.29,1.0700000000000074,1.089391162695996
2026-09-20,Yahoo,TTF,79.518,2.503,3.250016230604428
2026-09-20,Sendeco2,CO2,85.24,,
2026-09-20,OMIE,precio_medio_es,112.56,-12.219999999999999,-9.793236095528128
2026-09-20,OMIE,precio_maximo_es,225.57,-3.210000000000008,-1.4030946761080547
2026-09-20,OMIE,precio_minimo_es,-1.14,-1.14,
2026-09-20,OMIE,volumen_gwh_es,402.8,-61.19999999999999,-13.189655172413792
2026-09-20,MIBGAS,pvb_d1,81.66,2.9200000000000017,3.7084074168148358
2026-09-20,OMIP,spel_base_spot,110.26,-14.519999999999996,-11.63648020516108
2026-09-20,OMIP,q4_26,146.8,3.950000000000017,2.7651382569128575
2026-09-20,OMIP,yr_27,89.5,2.700000000000003,3.1105990783410173
2026-09-20,OMIP,yr_28,61.2,0.20000000000000284,0.32786885245902103
2026-09-20,OMIP,mes_Oct-26,139.0,3.9000000000000057,2.8867505551443418
2026-09-20,OMIP,mes_Nov-26,154.34,4.740000000000009,3.168449197860969
2026-09-20,OMIP,mes_Dec-26,147.31,3.2299999999999898,2.241810105496939
2026-09-20,OMIP,mes_Jan-27,155.37,1.3700000000000045,0.8896103896103926
2026-09-20,OMIP,mes_Feb-27,135.63,1.1899999999999977,0.8851532282058894
2026-09-20,OMIP,mes_Mar-27,89.91,2.489999999999995,2.848318462594366
2026-09-20,Yahoo,Brent,99.29,1.0700000000000074,1.089391162695996
2026-09-20,Yahoo,TTF,79.518,2.503,3.250016230604428
2026-09-20,Sendeco2,CO2,85.24,,
2026-09-21,OMIE,precio_medio_es,138.77,26.210000000000008,23.285358919687287
2026-09-21,OMIE,precio_maximo_es,276.54,50.97000000000003,22.596089905572562
2026-09-21,OMIE,precio_minimo_es,1.49,2.63,-230.70175438596493
2026-09-21,OMIE,volumen_gwh_es,482.4,79.59999999999997,19.76166832174776
2026-09-21,MIBGAS,pvb_d1,83.5,1.8400000000000034,2.2532451628704426
2026-09-21,OMIP,spel_base_spot,138.77,28.510000000000005,25.85706511881009
2026-09-21,OMIP,q4_26,146.8,0.0,0.0
2026-09-21,OMIP,yr_27,89.5,0.0,0.0
2026-09-21,OMIP,yr_28,61.2,0.0,0.0
2026-09-21,OMIP,mes_Oct-26,139.0,0.0,0.0
2026-09-21,OMIP,mes_Nov-26,154.34,0.0,0.0
2026-09-21,OMIP,mes_Dec-26,147.31,0.0,0.0
2026-09-21,OMIP,mes_Jan-27,155.37,0.0,0.0
2026-09-21,OMIP,mes_Feb-27,135.63,0.0,0.0
2026-09-21,OMIP,mes_Mar-27,89.91,0.0,0.0
2026-09-21,Yahoo,Brent,97.29,-2.0,-2.0143015409406786
2026-09-21,Yahoo,TTF,75.68,-3.837999999999994,-4.826580145375882
2026-09-21,Sendeco2,CO2,85.24,0.0,0.0
2026-09-22,OMIE,precio_medio_es,,,
2026-09-22,OMIE,precio_maximo_es,,,
2026-09-22,OMIE,precio_minimo_es,,,
2026-09-22,OMIE,volumen_gwh_es,,,
2026-09-22,MIBGAS,pvb_d1,75.53,-7.969999999999999,-9.544910179640716
2026-09-22,OMIP,spel_base_spot,156.02,17.25,12.43064062837789
2026-09-22,OMIP,q4_26,138.75,-8.050000000000011,-5.483651226158045
2026-09-22,OMIP,yr_27,86.0,-3.5,-3.910614525139665
2026-09-22,OMIP,yr_28,59.3,-1.9000000000000057,-3.1045751633987018
2026-09-22,OMIP,mes_Oct-26,131.75,-7.25,-5.215827338129497
2026-09-22,OMIP,mes_Nov-26,146.13,-8.210000000000008,-5.319424646883509
2026-09-22,OMIP,mes_Dec-26,138.62,-8.689999999999998,-5.899124295702938
2026-09-22,OMIP,mes_Jan-27,147.67,-7.700000000000017,-4.95591169466436
2026-09-22,OMIP,mes_Feb-27,127.93,-7.699999999999989,-5.6772100567720925
2026-09-22,OMIP,mes_Mar-27,82.21,-7.700000000000003,-8.56411967523079
2026-09-22,Yahoo,Brent,97.2,-0.09000000000000341,-0.09250693802035502
2026-09-22,Yahoo,TTF,73.9,-1.7800000000000011,-2.352008456659621
2026-09-22,Sendeco2,CO2,86.37,1.1300000000000097,1.3256687001407905
2026-09-22,OMIE,precio_medio_es,156.02,17.25,12.43064062837789
2026-09-22,OMIE,precio_maximo_es,300.0,23.45999999999998,8.48340203948795
2026-09-22,OMIE,precio_minimo_es,1.99,0.5,33.557046979865774
2026-09-22,OMIE,volumen_gwh_es,564.0,81.60000000000002,16.915422885572145
2026-09-22,MIBGAS,pvb_d1,75.53,-7.969999999999999,-9.544910179640716
2026-09-22,OMIP,spel_base_spot,156.02,17.25,12.43064062837789
2026-09-22,OMIP,q4_26,138.75,-8.050000000000011,-5.483651226158045
2026-09-22,OMIP,yr_27,86.0,-3.5,-3.910614525139665
2026-09-22,OMIP,yr_28,59.3,-1.9000000000000057,-3.1045751633987018
2026-09-22,OMIP,mes_Oct-26,131.75,-7.25,-5.215827338129497
2026-09-22,OMIP,mes_Nov-26,146.13,-8.210000000000008,-5.319424646883509
2026-09-22,OMIP,mes_Dec-26,138.62,-8.689999999999998,-5.899124295702938
2026-09-22,OMIP,mes_Jan-27,147.67,-7.700000000000017,-4.95591169466436
2026-09-22,OMIP,mes_Feb-27,127.93,-7.699999999999989,-5.6772100567720925
2026-09-22,OMIP,mes_Mar-27,82.21,-7.700000000000003,-8.56411967523079
2026-09-22,Yahoo,Brent,100.86,3.569999999999993,3.66944187480727
2026-09-22,Yahoo,TTF,73.9,-1.7800000000000011,-2.352008456659621
2026-09-22,Sendeco2,CO2,86.37,1.1300000000000097,1.3256687001407905
2026-09-23,OMIE,precio_medio_es,157.24,1.2199999999999989,0.781951031918984
2026-09-23,OMIE,precio_maximo_es,288.23,-11.769999999999982,-3.923333333333327
2026-09-23,OMIE,precio_minimo_es,17.62,15.63,785.427135678392
2026-09-23,OMIE,volumen_gwh_es,541.0,-23.0,-4.078014184397164
2026-09-23,MIBGAS,pvb_d1,75.0,-0.5300000000000011,-0.7017079306235948
2026-09-23,OMIP,spel_base_spot,158.88,2.859999999999985,1.833098320728102
2026-09-23,OMIP,q4_26,138.0,-0.75,-0.5405405405405406
2026-09-23,OMIP,yr_27,85.0,-1.0,-1.1627906976744187
2026-09-23,OMIP,yr_28,58.0,-1.2999999999999972,-2.192242833052272
2026-09-23,OMIP,mes_Oct-26,131.4,-0.3499999999999943,-0.26565464895635243
2026-09-23,OMIP,mes_Nov-26,145.6,-0.5300000000000011,-0.3626907548073641
2026-09-23,OMIP,mes_Dec-26,137.25,-1.3700000000000045,-0.9883133746934096
2026-09-23,OMIP,mes_Jan-27,147.0,-0.6699999999999875,-0.4537143631069192
2026-09-23,OMIP,mes_Feb-27,123.75,-4.180000000000007,-3.26741186586415
2026-09-23,OMIP,mes_Mar-27,78.53,-3.6799999999999926,-4.476341077727762
2026-09-23,Yahoo,Brent,96.22,-4.640000000000001,-4.600436248264922
2026-09-23,Yahoo,TTF,72.89,-1.0100000000000051,-1.3667117726657714
2026-09-23,EEX,CO2,85.53,,
2026-09-24,OMIE,precio_medio_es,157.24,0.0,0.0
2026-09-24,OMIE,precio_maximo_es,288.23,0.0,0.0
2026-09-24,OMIE,precio_minimo_es,17.62,0.0,0.0
2026-09-24,OMIE,volumen_gwh_es,541.0,0.0,0.0
2026-09-24,MIBGAS,pvb_d1,73.98,-1.019999999999996,-1.3599999999999948
2026-09-24,OMIP,spel_base_spot,158.88,0.0,0.0
2026-09-24,OMIP,q4_26,138.0,0.0,0.0
2026-09-24,OMIP,yr_27,85.0,0.0,0.0
2026-09-24,OMIP,yr_28,58.0,0.0,0.0
2026-09-24,OMIP,mes_Oct-26,131.4,0.0,0.0
2026-09-24,OMIP,mes_Nov-26,145.6,0.0,0.0
2026-09-24,OMIP,mes_Dec-26,137.25,0.0,0.0
2026-09-24,OMIP,mes_Jan-27,147.0,0.0,0.0
2026-09-24,OMIP,mes_Feb-27,123.75,0.0,0.0
2026-09-24,OMIP,mes_Mar-27,78.53,0.0,0.0
2026-09-24,Yahoo,Brent,98.24,2.019999999999996,2.099355643317393
2026-09-24,Yahoo,TTF,73.915,1.0250000000000057,1.4062285635889773
2026-09-24,EEX,CO2,85.53,0.0,0.0
2026-09-24,OMIE,precio_medio_es,157.24,0.0,0.0
2026-09-24,OMIE,precio_maximo_es,288.23,0.0,0.0
2026-09-24,OMIE,precio_minimo_es,17.62,0.0,0.0
2026-09-24,OMIE,volumen_gwh_es,541.0,0.0,0.0
2026-09-24,MIBGAS,pvb_d1,73.98,-1.019999999999996,-1.3599999999999948
2026-09-24,OMIP,spel_base_spot,158.88,0.0,0.0
2026-09-24,OMIP,q4_26,138.0,0.0,0.0
2026-09-24,OMIP,yr_27,85.0,0.0,0.0
2026-09-24,OMIP,yr_28,58.0,0.0,0.0
2026-09-24,OMIP,mes_Oct-26,131.4,0.0,0.0
2026-09-24,OMIP,mes_Nov-26,145.6,0.0,0.0
2026-09-24,OMIP,mes_Dec-26,137.25,0.0,0.0
2026-09-24,OMIP,mes_Jan-27,147.0,0.0,0.0
2026-09-24,OMIP,mes_Feb-27,123.75,0.0,0.0
2026-09-24,OMIP,mes_Mar-27,78.53,0.0,0.0
2026-09-24,Yahoo,Brent,98.66,2.4399999999999977,2.535855331531904
2026-09-24,Yahoo,TTF,73.915,1.0250000000000057,1.4062285635889773
2026-09-24,EEX,CO2,85.53,0.0,0.0
2026-09-24,OMIE,precio_medio_es,157.24,0.0,0.0
2026-09-24,OMIE,precio_maximo_es,288.23,0.0,0.0
2026-09-24,OMIE,precio_minimo_es,17.62,0.0,0.0
2026-09-24,OMIE,volumen_gwh_es,541.0,0.0,0.0
2026-09-24,MIBGAS,pvb_d1,73.98,-1.019999999999996,-1.3599999999999948
2026-09-24,OMIP,spel_base_spot,158.88,0.0,0.0
2026-09-24,OMIP,q4_26,138.0,0.0,0.0
2026-09-24,OMIP,yr_27,85.0,0.0,0.0
2026-09-24,OMIP,yr_28,58.0,0.0,0.0
2026-09-24,OMIP,mes_Oct-26,131.4,0.0,0.0
2026-09-24,OMIP,mes_Nov-26,145.6,0.0,0.0
2026-09-24,OMIP,mes_Dec-26,137.25,0.0,0.0
2026-09-24,OMIP,mes_Jan-27,147.0,0.0,0.0
2026-09-24,OMIP,mes_Feb-27,123.75,0.0,0.0
2026-09-24,OMIP,mes_Mar-27,78.53,0.0,0.0
2026-09-24,Yahoo,Brent,98.7,2.480000000000004,2.5774267304094827
2026-09-24,Yahoo,TTF,73.915,1.0250000000000057,1.4062285635889773
2026-09-24,EEX,CO2,85.53,0.0,0.0
2026-09-25,OMIE,precio_medio_es,158.92,1.6799999999999784,1.068430424828274
2026-09-25,OMIE,precio_maximo_es,287.13,-1.1000000000000227,-0.38163966276932404
2026-09-25,OMIE,precio_minimo_es,19.17,1.5500000000000007,8.796821793416576
2026-09-25,OMIE,volumen_gwh_es,546.0,5.0,0.9242144177449169
2026-09-25,MIBGAS,pvb_d1,75.35,1.3699999999999903,1.8518518518518385
2026-09-25,OMIP,spel_base_spot,158.92,0.03999999999999204,0.025176233635443128
2026-09-25,OMIP,q4_26,141.35,3.3499999999999943,2.427536231884054
2026-09-25,OMIP,yr_27,87.9,2.9000000000000057,3.41176470588236
2026-09-25,OMIP,yr_28,61.0,3.0,5.172413793103448
2026-09-25,OMIP,mes_Oct-26,133.2,1.799999999999983,1.369863013698617
2026-09-25,OMIP,mes_Nov-26,147.83,2.230000000000018,1.5315934065934191
2026-09-25,OMIP,mes_Dec-26,143.24,5.990000000000009,4.36429872495447
2026-09-25,OMIP,mes_Jan-27,147.5,0.5,0.3401360544217687
2026-09-25,OMIP,mes_Feb-27,125.57,1.8199999999999932,1.470707070707065
2026-09-25,OMIP,mes_Mar-27,80.16,1.6299999999999955,2.0756398828473137
2026-09-25,Yahoo,Brent,105.69,6.989999999999995,7.082066869300907
2026-09-25,Yahoo,TTF,75.27,1.3549999999999898,1.8331867685855237
2026-09-25,EEX,CO2,86.05,0.519999999999996,0.6079738103589337
2026-09-25,OMIE,precio_medio_es,130.62,-26.620000000000005,-16.92953446960061
2026-09-25,OMIE,precio_maximo_es,251.08,-37.150000000000006,-12.889012247163725
2026-09-25,OMIE,precio_minimo_es,0.45,-17.17,-97.4460839954597
2026-09-25,OMIE,volumen_gwh_es,422.0,-119.0,-21.996303142329023
2026-09-25,MIBGAS,pvb_d1,75.35,1.3699999999999903,1.8518518518518385
2026-09-25,OMIP,spel_base_spot,158.92,0.03999999999999204,0.025176233635443128
2026-09-25,OMIP,q4_26,141.35,3.3499999999999943,2.427536231884054
2026-09-25,OMIP,yr_27,87.9,2.9000000000000057,3.41176470588236
2026-09-25,OMIP,yr_28,61.0,3.0,5.172413793103448
2026-09-25,OMIP,mes_Oct-26,133.2,1.799999999999983,1.369863013698617
2026-09-25,OMIP,mes_Nov-26,147.83,2.230000000000018,1.5315934065934191
2026-09-25,OMIP,mes_Dec-26,143.24,5.990000000000009,4.36429872495447
2026-09-25,OMIP,mes_Jan-27,147.5,0.5,0.3401360544217687
2026-09-25,OMIP,mes_Feb-27,125.57,1.8199999999999932,1.470707070707065
2026-09-25,OMIP,mes_Mar-27,80.16,1.6299999999999955,2.0756398828473137
2026-09-25,Yahoo,Brent,98.34,-0.35999999999999943,-0.36474164133738546
2026-09-25,Yahoo,TTF,75.27,1.3549999999999898,1.8331867685855237
2026-09-25,EEX,CO2,85.5,-0.030000000000001137,-0.03507541213609393
2026-09-25,OMIE,precio_medio_es,130.62,-26.620000000000005,-16.92953446960061
2026-09-25,OMIE,precio_maximo_es,251.08,-37.150000000000006,-12.889012247163725
2026-09-25,OMIE,precio_minimo_es,0.45,-17.17,-97.4460839954597
2026-09-25,OMIE,volumen_gwh_es,422.0,-119.0,-21.996303142329023
2026-09-25,MIBGAS,pvb_d1,75.35,1.3699999999999903,1.8518518518518385
2026-09-25,OMIP,spel_base_spot,158.92,0.03999999999999204,0.025176233635443128
2026-09-25,OMIP,q4_26,141.35,3.3499999999999943,2.427536231884054
2026-09-25,OMIP,yr_27,87.9,2.9000000000000057,3.41176470588236
2026-09-25,OMIP,yr_28,61.0,3.0,5.172413793103448
2026-09-25,OMIP,mes_Oct-26,133.2,1.799999999999983,1.369863013698617
2026-09-25,OMIP,mes_Nov-26,147.83,2.230000000000018,1.5315934065934191
2026-09-25,OMIP,mes_Dec-26,143.24,5.990000000000009,4.36429872495447
2026-09-25,OMIP,mes_Jan-27,147.5,0.5,0.3401360544217687
2026-09-25,OMIP,mes_Feb-27,125.57,1.8199999999999932,1.470707070707065
2026-09-25,OMIP,mes_Mar-27,80.16,1.6299999999999955,2.0756398828473137
2026-09-25,Yahoo,Brent,98.33,-0.37000000000000455,-0.37487335359676244
2026-09-25,Yahoo,TTF,75.27,1.3549999999999898,1.8331867685855237
2026-09-25,EEX,CO2,85.5,-0.030000000000001137,-0.03507541213609393
2026-09-26,OMIE,precio_medio_es,130.62,0.0,0.0
2026-09-26,OMIE,precio_maximo_es,251.08,0.0,0.0
2026-09-26,OMIE,precio_minimo_es,0.45,0.0,0.0
2026-09-26,OMIE,volumen_gwh_es,422.0,0.0,0.0
2026-09-26,MIBGAS,pvb_d1,72.98,-2.3699999999999903,-3.145321831453206
2026-09-26,OMIP,spel_base_spot,130.62,-28.299999999999983,-17.807701988421837
2026-09-26,OMIP,q4_26,137.27,-4.079999999999984,-2.8864520693314355
2026-09-26,OMIP,yr_27,87.75,-0.15000000000000568,-0.17064846416382898
2026-09-26,OMIP,yr_28,60.5,-0.5,-0.819672131147541
2026-09-26,OMIP,mes_Oct-26,128.2,-5.0,-3.7537537537537538
2026-09-26,OMIP,mes_Nov-26,142.6,-5.230000000000018,-3.537847527565459
2026-09-26,OMIP,mes_Dec-26,141.2,-2.0400000000000205,-1.4241831890533514
2026-09-26,OMIP,mes_Jan-27,143.0,-4.5,-3.050847457627119
2026-09-26,OMIP,mes_Feb-27,125.2,-0.36999999999999034,-0.2946563669666245
2026-09-26,OMIP,mes_Mar-27,79.19,-0.9699999999999989,-1.21007984031936
2026-09-26,Yahoo,Brent,97.44,-0.8900000000000006,-0.9051154276416156
2026-09-26,Yahoo,TTF,72.071,-3.198999999999998,-4.250033213763781
2026-09-26,EEX,CO2,85.5,0.0,0.0
2026-09-27,OMIE,precio_medio_es,113.65,-16.97,-12.991884856836625
2026-09-27,OMIE,precio_maximo_es,210.26,-40.82000000000002,-16.257766448940583
2026-09-27,OMIE,precio_minimo_es,-0.07,-0.52,-115.55555555555557
2026-09-27,OMIE,volumen_gwh_es,401.0,-21.0,-4.976303317535545
2026-09-27,MIBGAS,pvb_d1,73.01,0.030000000000001137,0.04110715264456171
2026-09-27,OMIP,spel_base_spot,130.62,0.0,0.0
2026-09-27,OMIP,q4_26,137.27,0.0,0.0
2026-09-27,OMIP,yr_27,87.75,0.0,0.0
2026-09-27,OMIP,yr_28,60.5,0.0,0.0
2026-09-27,OMIP,mes_Oct-26,128.2,0.0,0.0
2026-09-27,OMIP,mes_Nov-26,142.6,0.0,0.0
2026-09-27,OMIP,mes_Dec-26,141.2,0.0,0.0
2026-09-27,OMIP,mes_Jan-27,143.0,0.0,0.0
2026-09-27,OMIP,mes_Feb-27,125.2,0.0,0.0
2026-09-27,OMIP,mes_Mar-27,79.19,0.0,0.0
2026-09-27,Yahoo,Brent,97.44,0.0,0.0
2026-09-27,Yahoo,TTF,72.071,0.0,0.0
2026-09-27,EEX,CO2,85.5,0.0,0.0
2026-09-28,OMIE,precio_medio_es,198.05,84.4,74.26308842938847
2026-09-28,OMIE,precio_maximo_es,280.59,70.32999999999998,33.44906306477694
2026-09-28,OMIE,precio_minimo_es,147.32,147.39,-210557.1428571428
2026-09-28,OMIE,volumen_gwh_es,406.0,5.0,1.2468827930174564
2026-09-28,MIBGAS,pvb_d1,74.96,1.9499999999999886,2.6708670045199128
2026-09-28,OMIP,spel_base_spot,130.62,0.0,0.0
2026-09-28,OMIP,q4_26,137.27,0.0,0.0
2026-09-28,OMIP,yr_27,87.75,0.0,0.0
2026-09-28,OMIP,yr_28,60.5,0.0,0.0
2026-09-28,OMIP,mes_Oct-26,128.2,0.0,0.0
2026-09-28,OMIP,mes_Nov-26,142.6,0.0,0.0
2026-09-28,OMIP,mes_Dec-26,141.2,0.0,0.0
2026-09-28,OMIP,mes_Jan-27,143.0,0.0,0.0
2026-09-28,OMIP,mes_Feb-27,125.2,0.0,0.0
2026-09-28,OMIP,mes_Mar-27,79.19,0.0,0.0
2026-09-28,Yahoo,Brent,99.18,1.740000000000009,1.785714285714295
2026-09-28,Yahoo,TTF,72.08,0.009000000000000341,0.012487685754326069
2026-09-28,EEX,CO2,85.5,0.0,0.0
2026-09-29,OMIE,precio_medio_es,130.1,-67.95000000000002,-34.30951779853573
2026-09-29,OMIE,precio_maximo_es,239.17,-41.41999999999999,-14.761752022523963
2026-09-29,OMIE,precio_minimo_es,1.08,-146.23999999999998,-99.26690198207982
2026-09-29,OMIE,volumen_gwh_es,486.0,80.0,19.704433497536947
2026-09-29,MIBGAS,pvb_d1,74.42,-0.539999999999992,-0.7203842049092744
2026-09-29,OMIP,spel_base_spot,130.1,-0.5200000000000102,-0.39810136273159563
2026-09-29,OMIP,q4_26,,,
2026-09-29,OMIP,yr_27,89.75,2.0,2.2792022792022792
2026-09-29,OMIP,yr_28,60.7,0.20000000000000284,0.33057851239669894
2026-09-29,OMIP,mes_Oct-26,132.25,4.050000000000011,3.159126365054611
2026-09-29,OMIP,mes_Nov-26,143.0,0.4000000000000057,0.2805049088359086
2026-09-29,OMIP,mes_Dec-26,145.6,4.400000000000006,3.116147308781874
2026-09-29,OMIP,mes_Jan-27,145.3,2.3000000000000114,1.6083916083916163
2026-09-29,OMIP,mes_Feb-27,127.5,2.299999999999997,1.8370607028753971
2026-09-29,OMIP,mes_Mar-27,81.49,2.299999999999997,2.9044071221113743
2026-09-29,Yahoo,Brent,99.83,0.6499999999999915,0.6553740673522801
2026-09-29,Yahoo,TTF,71.11,-0.9699999999999989,-1.3457269700332948
2026-09-29,EEX,CO2,85.9,0.4000000000000057,0.4678362573099482
2026-09-30,OMIE,precio_medio_es,164.98,34.879999999999995,26.810146041506535
2026-09-30,OMIE,precio_maximo_es,261.03,21.859999999999985,9.139942300455738
2026-09-30,OMIE,precio_minimo_es,85.6,84.52,7825.925925925925
2026-09-30,OMIE,volumen_gwh_es,446.0,-40.0,-8.23045267489712
2026-09-30,MIBGAS,pvb_d1,70.0,-4.420000000000002,-5.939263638806774
2026-09-30,OMIP,spel_base_spot,164.98,34.879999999999995,26.810146041506535
2026-09-30,OMIP,q4_26,,,
2026-09-30,OMIP,yr_27,88.7,-1.0499999999999972,-1.1699164345403867
2026-09-30,OMIP,yr_28,60.0,-0.7000000000000028,-1.1532125205930852
2026-09-30,OMIP,mes_Oct-26,128.0,-4.25,-3.213610586011342
2026-09-30,OMIP,mes_Nov-26,134.0,-9.0,-6.293706293706294
2026-09-30,OMIP,mes_Dec-26,136.35,-9.25,-6.353021978021978
2026-09-30,OMIP,mes_Jan-27,142.25,-3.0500000000000114,-2.0991052993805996
2026-09-30,OMIP,mes_Feb-27,121.71,-5.790000000000006,-4.5411764705882405
2026-09-30,OMIP,mes_Mar-27,79.9,-1.5899999999999892,-1.9511596514909673
2026-09-30,Yahoo,Brent,96.31,-3.519999999999996,-3.525994190123206
2026-09-30,Yahoo,TTF,68.135,-2.9749999999999943,-4.183659119673737
2026-09-30,EEX,CO2,84.87,-1.0300000000000011,-1.1990686845168814
2026-10-01,OMIE,precio_medio_es,152.01,-12.969999999999999,-7.861558976845679
2026-10-01,OMIE,precio_maximo_es,258.32,-2.7099999999999795,-1.0381948435045703
2026-10-01,OMIE,precio_minimo_es,38.95,-46.64999999999999,-54.497663551401864
2026-10-01,OMIE,volumen_gwh_es,440.0,-6.0,-1.345291479820628
2026-10-01,MIBGAS,pvb_d1,72.25,2.25,3.214285714285714
2026-10-01,OMIP,spel_base_spot,164.98,0.0,0.0
2026-10-01,OMIP,q4_26,,,
2026-10-01,OMIP,yr_27,88.7,0.0,0.0
2026-10-01,OMIP,yr_28,60.0,0.0,0.0
2026-10-01,OMIP,mes_Oct-26,128.0,0.0,0.0
2026-10-01,OMIP,mes_Nov-26,134.0,0.0,0.0
2026-10-01,OMIP,mes_Dec-26,136.35,0.0,0.0
2026-10-01,OMIP,mes_Jan-27,142.25,0.0,0.0
2026-10-01,OMIP,mes_Feb-27,121.71,0.0,0.0
2026-10-01,OMIP,mes_Mar-27,79.9,0.0,0.0
2026-10-01,Yahoo,Brent,96.96,0.6499999999999915,0.6749039559754869
2026-10-01,Yahoo,TTF,72.105,3.969999999999999,5.826667645116311
2026-10-01,EEX,CO2,84.41,-0.46000000000000796,-0.5420054200542099
2026-10-02,OMIE,precio_medio_es,177.72,25.710000000000008,16.91336096309454
2026-10-02,OMIE,precio_maximo_es,279.83,21.50999999999999,8.326881387426445
2026-10-02,OMIE,precio_minimo_es,112.5,73.55,188.8318356867779
2026-10-02,OMIE,volumen_gwh_es,399.0,-41.0,-9.318181818181818
2026-10-02,MIBGAS,pvb_d1,73.87,1.6200000000000045,2.2422145328719787
2026-10-02,OMIP,spel_base_spot,152.01,-12.969999999999999,-7.861558976845679
2026-10-02,OMIP,q4_26,,,
2026-10-02,OMIP,yr_27,91.25,2.549999999999997,2.8748590755355097
2026-10-02,OMIP,yr_28,60.5,0.5,0.8333333333333334
2026-10-02,OMIP,mes_Nov-26,138.8,4.800000000000011,3.5820895522388145
2026-10-02,OMIP,mes_Dec-26,140.0,3.6500000000000057,2.676934360102681
2026-10-02,OMIP,mes_Jan-27,145.85,3.5999999999999943,2.53075571177504
2026-10-02,OMIP,mes_Feb-27,125.31,3.6000000000000085,2.957850628543266
2026-10-02,OMIP,mes_Mar-27,83.5,3.5999999999999943,4.505632040050055
2026-10-02,Yahoo,Brent,102.33,5.3700000000000045,5.538366336633668
2026-10-02,Yahoo,TTF,73.015,0.9099999999999966,1.2620484016364975
2026-10-02,EEX,CO2,84.7,0.29000000000000625,0.3435611894325391
2026-10-03,OMIE,precio_medio_es,166.6,-11.120000000000005,-6.25703353589917
2026-10-03,OMIE,precio_maximo_es,238.7,-41.129999999999995,-14.6982096272737
2026-10-03,OMIE,precio_minimo_es,63.94,-48.56,-43.16444444444444
2026-10-03,OMIE,volumen_gwh_es,373.0,-26.0,-6.516290726817042
2026-10-03,MIBGAS,pvb_d1,75.05,1.1799999999999926,1.5974008393122952
2026-10-03,OMIP,spel_base_spot,152.01,0.0,0.0
2026-10-03,OMIP,q4_26,,,
2026-10-03,OMIP,yr_27,91.25,0.0,0.0
2026-10-03,OMIP,yr_28,60.5,0.0,0.0
2026-10-03,OMIP,mes_Nov-26,138.8,0.0,0.0
2026-10-03,OMIP,mes_Dec-26,140.0,0.0,0.0
2026-10-03,OMIP,mes_Jan-27,145.85,0.0,0.0
2026-10-03,OMIP,mes_Feb-27,125.31,0.0,0.0
2026-10-03,OMIP,mes_Mar-27,83.5,0.0,0.0
2026-10-03,Yahoo,Brent,102.25,-0.0799999999999983,-0.07817844229453562
2026-10-03,Yahoo,TTF,74.76,1.7450000000000045,2.3899198794768264
2026-10-03,EEX,CO2,85.31,0.6099999999999994,0.7201889020070832
2026-10-04,OMIE,precio_medio_es,171.85,5.25,3.1512605042016806
2026-10-04,OMIE,precio_maximo_es,245.07,6.3700000000000045,2.6686217008797675
2026-10-04,OMIE,precio_minimo_es,70.69,6.75,10.556771973725368
2026-10-04,OMIE,volumen_gwh_es,364.0,-9.0,-2.4128686327077746
2026-10-04,MIBGAS,pvb_d1,77.94,2.8900000000000006,3.8507661558960704
2026-10-04,OMIP,spel_base_spot,166.6,14.590000000000003,9.598052759686865
2026-10-04,OMIP,q4_26,,,
2026-10-04,OMIP,yr_27,93.4,2.1500000000000057,2.35616438356165
2026-10-04,OMIP,yr_28,63.0,2.5,4.132231404958678
2026-10-04,OMIP,mes_Nov-26,145.1,6.299999999999983,4.538904899135434
2026-10-04,OMIP,mes_Dec-26,144.3,4.300000000000011,3.0714285714285796
2026-10-04,OMIP,mes_Jan-27,148.0,2.1500000000000057,1.4741172437435761
2026-10-04,OMIP,mes_Feb-27,128.85,3.539999999999992,2.8249940148431825
2026-10-04,OMIP,mes_Mar-27,86.86,3.3599999999999994,4.023952095808383
2026-10-04,OMIP,mes_Apr-27,48.94,,
2026-10-04,Yahoo,Brent,102.25,0.0,0.0
2026-10-04,Yahoo,TTF,74.76,0.0,0.0
2026-10-04,EEX,CO2,85.31,0.0,0.0
2026-10-05,OMIE,precio_medio_es,196.88,25.03,14.565027640384058
2026-10-05,OMIE,precio_maximo_es,271.93,26.860000000000014,10.960133839311222
2026-10-05,OMIE,precio_minimo_es,130.0,59.31,83.90154194369785
2026-10-05,OMIE,volumen_gwh_es,440.0,76.0,20.87912087912088
2026-10-05,MIBGAS,pvb_d1,77.56,-0.37999999999999545,-0.4875545291249621
2026-10-05,OMIP,spel_base_spot,166.6,0.0,0.0
2026-10-05,OMIP,q4_26,,,
2026-10-05,OMIP,yr_27,93.4,0.0,0.0
2026-10-05,OMIP,yr_28,63.0,0.0,0.0
2026-10-05,OMIP,mes_Nov-26,145.1,0.0,0.0
2026-10-05,OMIP,mes_Dec-26,144.3,0.0,0.0
2026-10-05,OMIP,mes_Jan-27,148.0,0.0,0.0
2026-10-05,OMIP,mes_Feb-27,128.85,0.0,0.0
2026-10-05,OMIP,mes_Mar-27,86.86,0.0,0.0
2026-10-05,OMIP,mes_Apr-27,48.94,0.0,0.0
2026-10-05,Yahoo,Brent,101.68,-0.5699999999999932,-0.5574572127139297
2026-10-05,Yahoo,TTF,76.5,1.7399999999999949,2.3274478330658037
2026-10-05,EEX,CO2,85.31,0.0,0.0
2026-10-06,OMIE,precio_medio_es,201.99,5.110000000000014,2.595489638358398
2026-10-06,OMIE,precio_maximo_es,281.31,9.379999999999995,3.449417129408302
2026-10-06,OMIE,precio_minimo_es,147.09,17.090000000000003,13.14615384615385
2026-10-06,OMIE,volumen_gwh_es,435.0,-5.0,-1.1363636363636365
2026-10-06,MIBGAS,pvb_d1,72.59,-4.969999999999999,-6.407942238267146
2026-10-06,OMIP,spel_base_spot,166.6,0.0,0.0
2026-10-06,OMIP,q4_26,,,
2026-10-06,OMIP,yr_27,93.4,0.0,0.0
2026-10-06,OMIP,yr_28,63.0,0.0,0.0
2026-10-06,OMIP,mes_Nov-26,145.1,0.0,0.0
2026-10-06,OMIP,mes_Dec-26,144.3,0.0,0.0
2026-10-06,OMIP,mes_Jan-27,148.0,0.0,0.0
2026-10-06,OMIP,mes_Feb-27,128.85,0.0,0.0
2026-10-06,OMIP,mes_Mar-27,86.86,0.0,0.0
2026-10-06,OMIP,mes_Apr-27,48.94,0.0,0.0
2026-10-06,Yahoo,Brent,100.78,-0.9000000000000057,-0.8851298190401315
2026-10-06,Yahoo,TTF,73.255,-3.2450000000000045,-4.241830065359483
2026-10-06,EEX,CO2,82.6,-2.710000000000008,-3.176649865197524
2026-10-07,OMIE,precio_medio_es,182.33,-19.659999999999997,-9.733155106688447
2026-10-07,OMIE,precio_maximo_es,245.9,-35.41,-12.587536881020936
2026-10-07,OMIE,precio_minimo_es,80.8,-66.29,-45.067645659120274
2026-10-07,OMIE,volumen_gwh_es,454.0,19.0,4.3678160919540225
2026-10-07,MIBGAS,pvb_d1,75.86,3.269999999999996,4.50475272076043
2026-10-07,OMIP,spel_base_spot,182.33,15.730000000000018,9.441776710684286
2026-10-07,OMIP,yr_27,94.0,0.5999999999999943,0.6423982869378954
2026-10-07,OMIP,yr_28,62.65,-0.3500000000000014,-0.5555555555555578
2026-10-07,OMIP,trimestre_Q1-27,120.55,,
2026-10-07,OMIP,trimestre_Q2-27,63.05,,
2026-10-07,OMIP,mes_Nov-26,145.01,-0.09000000000000341,-0.06202618883528836
2026-10-07,OMIP,mes_Dec-26,144.01,-0.29000000000002046,-0.20097020097021515
2026-10-07,OMIP,mes_Jan-27,148.5,0.5,0.33783783783783783
2026-10-07,OMIP,mes_Feb-27,127.8,-1.0499999999999972,-0.8149010477299163
2026-10-07,OMIP,mes_Mar-27,86.01,-0.8499999999999943,-0.9785862307160883
2026-10-07,OMIP,mes_Apr-27,48.49,-0.44999999999999574,-0.9194932570494396
2026-10-07,Yahoo,Brent,101.35,0.5699999999999932,0.565588410398882
2026-10-07,Yahoo,TTF,75.485,2.230000000000004,3.044160808135969
2026-10-07,EEX,CO2,84.31,1.710000000000008,2.0702179176755546
2026-10-08,OMIE,precio_medio_es,106.9,-75.43,-41.37004332803159
2026-10-08,OMIE,precio_maximo_es,204.5,-41.400000000000006,-16.836112240748275
2026-10-08,OMIE,precio_minimo_es,0.0,-80.8,-100.0
2026-10-08,OMIE,volumen_gwh_es,500.0,46.0,10.13215859030837
2026-10-08,MIBGAS,pvb_d1,79.89,4.030000000000001,5.312417611389403
2026-10-08,OMIP,spel_base_spot,182.33,0.0,0.0
2026-10-08,OMIP,yr_27,94.0,0.0,0.0
2026-10-08,OMIP,yr_28,62.65,0.0,0.0
2026-10-08,OMIP,trimestre_Q1-27,120.55,0.0,0.0
2026-10-08,OMIP,trimestre_Q2-27,63.05,0.0,0.0
2026-10-08,OMIP,mes_Nov-26,145.01,0.0,0.0
2026-10-08,OMIP,mes_Dec-26,144.01,0.0,0.0
2026-10-08,OMIP,mes_Jan-27,148.5,0.0,0.0
2026-10-08,OMIP,mes_Feb-27,127.8,0.0,0.0
2026-10-08,OMIP,mes_Mar-27,86.01,0.0,0.0
2026-10-08,OMIP,mes_Apr-27,48.49,0.0,0.0
2026-10-08,Yahoo,Brent,102.43,1.0800000000000125,1.0656142081894548
2026-10-08,Yahoo,TTF,78.525,3.0400000000000063,4.027290190104003
2026-10-08,EEX,CO2,83.83,-0.480000000000004,-0.5693274819119962
2026-10-09,OMIE,precio_medio_es,107.37,0.46999999999999886,0.43966323666978374
2026-10-09,OMIE,precio_maximo_es,205.0,0.5,0.24449877750611246
2026-10-09,OMIE,precio_minimo_es,0.0,0.0,
2026-10-09,OMIE,volumen_gwh_es,492.0,-8.0,-1.6
2026-10-09,MIBGAS,pvb_d1,80.4,0.5100000000000051,0.6383777694329767
2026-10-09,OMIP,spel_base_spot,107.37,-74.96000000000001,-41.11226896286952
2026-10-09,OMIP,yr_27,97.77,3.769999999999996,4.010638297872336
2026-10-09,OMIP,yr_28,64.45,1.8000000000000043,2.8731045490822096
2026-10-09,OMIP,trimestre_Q1-27,125.0,4.450000000000003,3.691414350891749
2026-10-09,OMIP,trimestre_Q2-27,67.25,4.200000000000003,6.661379857256152
2026-10-09,OMIP,mes_Nov-26,153.0,7.990000000000009,5.50996483001173
2026-10-09,OMIP,mes_Dec-26,151.9,7.890000000000015,5.478786195403107
2026-10-09,OMIP,mes_Jan-27,154.5,6.0,4.040404040404041
2026-10-09,OMIP,mes_Feb-27,131.27,3.470000000000013,2.7151799687011056
2026-10-09,OMIP,mes_Mar-27,89.79,3.780000000000001,4.394837809557029
2026-10-09,OMIP,mes_Apr-27,52.69,4.199999999999996,8.661579707156106
2026-10-09,Yahoo,Brent,102.94,0.5099999999999909,0.497901005564767
2026-10-09,Yahoo,TTF,77.205,-1.3200000000000074,-1.680993314231146
2026-10-09,EEX,CO2,85.07,1.2399999999999949,1.4791840629846056
